Datum;Sch채tzer_Neuerkrankungen;UG_PI_Neuerkrankungen;OG_PI_Neuerkrankungen;Sch채tzer_Neuerkrankungen_ma4;UG_PI_Neuerkrankungen_ma4;OG_PI_Neuerkrankungen_ma4;Sch채tzer_Reproduktionszahl_R;UG_PI_Reproduktionszahl_R;OG_PI_Reproduktionszahl_R;Sch채tzer_7_Tage_R_Wert;UG_PI_7_Tage_R_Wert;OG_PI_7_Tage_R_Wert;;;;;;
02.03.2020;304;292;319;225;213;238;.;.;.;.;.;.;;;;;;
03.03.2020;321;304;337;261;248;276;.;.;.;.;.;.;;;;;;
04.03.2020;448;430;467;326;311;342;.;.;.;.;.;.;;;;;;
05.03.2020;503;485;525;394;378;412;.;.;.;.;.;.;;;;;;
06.03.2020;757;732;783;507;488;528;2;25;2;18;2;33;2;34;2;28;2;39
07.03.2020;984;958;1010;673;651;696;2;58;2;49;2;68;2;56;2;51;2;61
08.03.2020;1336;1308;1370;895;870;922;2;75;2;68;2;83;2;93;2;88;2;98
09.03.2020;2021;1985;2052;1274;1245;1304;3;23;3;16;3;30;3;13;3;8;3;18
10.03.2020;2573;2529;2623;1728;1695;1764;3;41;3;33;3;49;3;22;3;18;3;26
11.03.2020;3237;3190;3283;2292;2253;2332;3;41;3;33;3;49;3;12;3;8;3;16
12.03.2020;3601;3537;3648;2858;2810;2901;3;19;3;14;3;25;2;84;2;82;2;87
13.03.2020;4356;4301;4408;3442;3389;3490;2;70;2;66;2;74;2;50;2;48;2;52
14.03.2020;4433;4373;4492;3907;3850;3958;2;26;2;23;2;29;2;18;2;17;2;20
15.03.2020;4678;4618;4734;4267;4207;4320;1;86;1;84;1;88;1;99;1;98;2;0
16.03.2020;6016;5952;6075;4871;4811;4927;1;70;1;68;1;72;1;74;1;73;1;75
17.03.2020;5235;5166;5296;5090;5027;5149;1;48;1;46;1;49;1;56;1;55;1;57
18.03.2020;5288;5231;5346;5304;5242;5363;1;36;1;34;1;37;1;39;1;39;1;40
19.03.2020;4725;4668;4780;5316;5254;5374;1;25;1;24;1;26;1;24;1;23;1;24
20.03.2020;5329;5262;5380;5144;5082;5200;1;6;1;5;1;7;1;13;1;13;1;14
21.03.2020;4442;4383;4501;4946;4886;5001;0;97;0;96;0;98;1;4;1;3;1;4
22.03.2020;3818;3759;3866;4578;4518;4631;0;86;0;86;0;87;0;98;0;97;0;98
23.03.2020;5157;5095;5222;4686;4625;4742;0;88;0;87;0;89;0;92;0;92;0;92
24.03.2020;4076;4024;4138;4373;4315;4432;0;85;0;84;0;86;0;90;0;89;0;90
25.03.2020;4418;4357;4471;4367;4309;4424;0;88;0;87;0;89;0;90;0;89;0;90
26.03.2020;3998;3933;4063;4412;4352;4473;0;96;0;96;0;97;0;88;0;88;0;89
27.03.2020;4122;4056;4184;4153;4092;4214;0;89;0;88;0;89;0;90;0;89;0;90
28.03.2020;3888;3837;3953;4106;4046;4168;0;94;0;93;0;95;0;90;0;90;0;91
29.03.2020;3261;3206;3322;3817;3758;3880;0;87;0;86;0;88;0;90;0;90;0;91
30.03.2020;4394;4331;4462;3916;3857;3980;0;89;0;88;0;90;0;92;0;92;0;93
31.03.2020;3574;3519;3647;3779;3723;3846;0;91;0;90;0;92;0;93;0;92;0;93
01.04.2020;4040;3981;4105;3817;3759;3884;0;93;0;92;0;94;0;93;0;93;0;94
02.04.2020;3724;3671;3790;3933;3875;4001;1;3;1;2;1;4;0;95;0;94;0;95
03.04.2020;3730;3659;3792;3767;3707;3833;0;96;0;95;0;97;0;93;0;92;0;94
04.04.2020;3006;2953;3061;3625;3566;3687;0;96;0;95;0;97;0;92;0;92;0;93
05.04.2020;2700;2645;2745;3290;3232;3347;0;86;0;85;0;87;0;89;0;89;0;90
06.04.2020;3342;3285;3389;3195;3135;3247;0;81;0;80;0;82;0;89;0;88;0;89
07.04.2020;3054;3003;3117;3025;2971;3078;0;80;0;79;0;81;0;87;0;87;0;88
08.04.2020;2872;2815;2935;2992;2937;3046;0;83;0;82;0;84;0;85;0;84;0;86
09.04.2020;2700;2658;2757;2992;2940;3049;0;91;0;90;0;92;0;83;0;82;0;84
10.04.2020;2326;2276;2376;2738;2688;2796;0;86;0;85;0;87;0;81;0;80;0;81
11.04.2020;2016;1966;2064;2478;2429;2533;0;82;0;81;0;83;0;81;0;81;0;82
12.04.2020;1952;1905;2000;2248;2201;2299;0;75;0;74;0;76;0;79;0;78;0;79
13.04.2020;1887;1840;1933;2045;1997;2093;0;68;0;67;0;69;0;79;0;78;0;79
14.04.2020;1952;1902;2002;1952;1903;2000;0;71;0;70;0;72;0;78;0;77;0;78
15.04.2020;1940;1886;1986;1933;1883;1980;0;78;0;77;0;79;0;76;0;75;0;76
16.04.2020;1751;1699;1793;1882;1832;1928;0;84;0;82;0;85;0;78;0;78;0;79
17.04.2020;1642;1596;1687;1821;1771;1867;0;89;0;88;0;91;0;80;0;79;0;81
18.04.2020;1433;1392;1480;1692;1643;1736;0;87;0;85;0;88;0;81;0;80;0;82
19.04.2020;1310;1258;1352;1534;1486;1578;0;79;0;78;0;81;0;84;0;83;0;85
20.04.2020;1578;1540;1619;1491;1446;1534;0;79;0;78;0;81;0;84;0;83;0;85
21.04.2020;1350;1303;1393;1418;1373;1461;0;78;0;76;0;79;0;82;0;82;0;83
22.04.2020;1293;1253;1342;1383;1339;1426;0;82;0;80;0;83;0;83;0;82;0;84
23.04.2020;1268;1232;1302;1372;1332;1414;0;89;0;88;0;91;0;81;0;80;0;82
24.04.2020;1146;1107;1190;1264;1224;1306;0;85;0;83;0;86;0;81;0;80;0;82
25.04.2020;1007;968;1044;1178;1140;1219;0;83;0;81;0;85;0;83;0;81;0;84
26.04.2020;904;867;942;1081;1043;1119;0;78;0;76;0;80;0;82;0;81;0;83
27.04.2020;1100;1063;1144;1039;1001;1080;0;76;0;74;0;77;0;82;0;81;0;83
28.04.2020;942;906;977;988;951;1027;0;78;0;76;0;80;0;81;0;80;0;82
29.04.2020;866;827;904;953;916;992;0;81;0;79;0;83;0;81;0;80;0;82
30.04.2020;936;907;969;961;926;998;0;89;0;87;0;91;0;81;0;80;0;83
01.05.2020;816;781;854;890;855;926;0;86;0;83;0;88;0;82;0;81;0;84
02.05.2020;741;711;773;840;806;875;0;85;0;83;0;87;0;85;0;84;0;87
03.05.2020;755;718;784;812;779;845;0;85;0;83;0;88;0;86;0;85;0;88
04.05.2020;890;858;921;801;767;833;0;83;0;81;0;85;0;89;0;87;0;90
05.05.2020;815;785;853;800;768;832;0;90;0;88;0;93;0;90;0;89;0;92
06.05.2020;744;713;782;801;768;835;0;95;0;93;0;99;0;89;0;87;0;90
07.05.2020;705;674;738;788;757;823;0;97;0;94;1;0;0;90;0;88;0;91
08.05.2020;679;646;709;736;704;770;0;92;0;89;0;95;0;89;0;88;0;90
09.05.2020;580;547;614;677;645;711;0;85;0;82;0;87;0;87;0;86;0;88
10.05.2020;556;522;585;630;597;661;0;79;0;76;0;81;0;87;0;85;0;88
11.05.2020;666;638;703;620;588;652;0;79;0;76;0;81;0;85;0;84;0;86
12.05.2020;621;593;649;606;575;637;0;82;0;80;0;84;0;85;0;84;0;86
13.05.2020;589;555;621;608;577;639;0;90;0;87;0;93;0;85;0;83;0;86
14.05.2020;528;495;558;601;570;632;0;95;0;92;0;98;0;89;0;87;0;91
15.05.2020;678;646;705;604;572;633;0;97;0;94;1;1;0;92;0;91;0;94
16.05.2020;560;537;592;589;558;619;0;97;0;94;1;1;0;93;0;91;0;95
17.05.2020;442;417;473;552;523;582;0;91;0;87;0;94;0;96;0;94;0;97
18.05.2020;615;584;639;574;546;602;0;96;0;92;0;99;0;92;0;90;0;94
19.05.2020;466;439;491;521;494;548;0;86;0;83;0;89;0;92;0;90;0;93
20.05.2020;562;530;598;521;492;550;0;89;0;86;0;92;0;91;0;89;0;93
21.05.2020;389;358;415;508;477;536;0;92;0;89;0;95;0;85;0;83;0;86
22.05.2020;387;361;413;451;422;479;0;79;0;75;0;83;0;83;0;82;0;85
23.05.2020;366;341;388;426;397;453;0;82;0;78;0;85;0;82;0;80;0;84
24.05.2020;371;345;395;378;351;403;0;73;0;70;0;76;0;81;0;79;0;83
25.05.2020;468;444;497;398;373;423;0;78;0;76;0;81;0;87;0;85;0;89
26.05.2020;435;413;463;410;386;436;0;91;0;87;0;95;0;89;0;87;0;91
27.05.2020;454;430;480;432;408;459;1;1;0;97;1;5;0;91;0;89;0;93
28.05.2020;378;345;401;434;408;460;1;15;1;11;1;19;0;94;0;92;0;96
29.05.2020;347;330;366;403;379;427;1;1;0;97;1;5;0;92;0;90;0;94
30.05.2020;291;266;312;367;342;390;0;90;0;86;0;94;0;92;0;90;0;94
31.05.2020;269;249;291;321;297;342;0;74;0;71;0;78;0;87;0;85;0;89
01.06.2020;327;308;353;308;288;331;0;71;0;68;0;74;0;89;0;86;0;91
02.06.2020;439;413;468;331;309;356;0;82;0;79;0;86;0;89;0;87;0;91
03.06.2020;400;371;429;359;335;385;0;98;0;94;1;2;0;91;0;89;0;94
04.06.2020;342;323;368;377;354;404;1;17;1;12;1;23;0;95;0;93;0;98
05.06.2020;319;297;344;375;351;402;1;22;1;15;1;27;0;96;0;93;0;98
06.06.2020;300;282;324;340;318;366;1;3;0;98;1;8;0;96;0;94;0;99
07.06.2020;231;208;259;298;277;324;0;83;0;78;0;87;1;1;0;98;1;3
08.06.2020;409;383;433;315;292;340;0;84;0;80;0;88;1;3;1;0;1;5
09.06.2020;450;424;479;348;324;373;0;93;0;88;0;97;1;4;1;1;1;6
10.06.2020;433;404;459;381;355;407;1;12;1;7;1;16;1;6;1;3;1;9
11.06.2020;367;345;388;415;389;440;1;39;1;33;1;47;1;5;1;2;1;7
12.06.2020;375;348;398;406;380;431;1;29;1;22;1;35;1;7;1;5;1;10
13.06.2020;366;336;388;385;358;408;1;11;1;5;1;15;1;11;1;9;1;14
14.06.2020;355;328;381;366;339;389;0;96;0;92;1;1;1;19;1;16;1;22
15.06.2020;645;611;685;435;406;463;1;5;1;0;1;10;1;43;1;39;1;46
16.06.2020;1115;1079;1151;620;588;651;1;53;1;47;1;59;1;48;1;44;1;51
17.06.2020;660;630;697;694;662;728;1;80;1;73;1;87;1;47;1;44;1;50
18.06.2020;536;503;565;739;705;774;2;2;1;95;2;10;1;42;1;39;1;45
19.06.2020;572;529;606;721;685;755;1;66;1;60;1;73;1;19;1;17;1;22
20.06.2020;475;441;511;561;526;595;0;90;0;87;0;94;1;13;1;10;1;15
21.06.2020;367;340;395;487;453;519;0;70;0;67;0;73;1;4;1;1;1;6
22.06.2020;471;441;502;471;438;504;0;64;0;61;0;67;0;83;0;81;0;84
23.06.2020;431;404;459;436;406;467;0;60;0;58;0;63;0;76;0;75;0;78
24.06.2020;469;440;494;434;406;463;0;77;0;74;0;81;0;73;0;71;0;74
25.06.2020;409;384;437;445;417;473;0;91;0;87;0;95;0;73;0;71;0;74
26.06.2020;431;403;455;435;407;461;0;92;0;88;0;97;0;83;0;82;0;86
27.06.2020;352;326;375;415;388;440;0;95;0;90;1;0;0;87;0;85;0;89
28.06.2020;312;286;337;376;349;401;0;87;0;82;0;91;0;89;0;87;0;91
29.06.2020;426;401;451;380;354;404;0;86;0;82;0;89;0;93;0;91;0;95
30.06.2020;436;410;458;382;355;405;0;88;0;84;0;91;0;95;0;92;0;97
01.07.2020;405;378;429;395;368;418;0;95;0;91;1;0;0;94;0;92;0;96
02.07.2020;342;317;369;402;376;427;1;7;1;3;1;11;0;93;0;90;0;95
03.07.2020;345;323;367;382;357;406;1;0;0;95;1;5;0;90;0;88;0;93
04.07.2020;298;272;322;348;322;372;0;91;0;87;0;96;0;92;0;90;0;94
05.07.2020;291;268;316;319;295;343;0;81;0;77;0;85;0;92;0;90;0;95
06.07.2020;371;350;393;327;303;349;0;81;0;78;0;85;0;93;0;91;0;96
07.07.2020;377;353;398;334;310;357;0;88;0;84;0;92;0;93;0;91;0;95
08.07.2020;357;330;384;349;325;372;1;0;0;96;1;5;0;95;0;93;0;97
09.07.2020;377;358;398;371;348;393;1;16;1;11;1;22;1;1;0;98;1;3
10.07.2020;430;406;459;385;362;409;1;18;1;13;1;24;1;7;1;3;1;10
11.07.2020;385;363;407;387;364;412;1;16;1;11;1;22;1;12;1;9;1;14
12.07.2020;359;334;384;388;365;412;1;11;1;6;1;15;1;17;1;14;1;20
13.07.2020;543;517;573;429;405;455;1;16;1;11;1;21;1;19;1;16;1;21
14.07.2020;519;491;550;451;426;478;1;17;1;12;1;23;1;23;1;20;1;25
15.07.2020;558;530;592;495;468;525;1;28;1;21;1;33;1;23;1;20;1;26
16.07.2020;469;438;498;522;494;553;1;35;1;30;1;40;1;19;1;16;1;22
17.07.2020;533;508;564;520;491;551;1;21;1;16;1;28;1;17;1;14;1;19
18.07.2020;486;460;510;512;484;541;1;13;1;8;1;19;1;14;1;12;1;17
19.07.2020;517;495;543;501;475;529;1;1;0;98;1;5;1;16;1;13;1;18
20.07.2020;691;657;720;557;530;584;1;7;1;2;1;10;1;17;1;15;1;20
21.07.2020;699;670;732;598;570;626;1;15;1;11;1;19;1;19;1;17;1;22
22.07.2020;736;708;768;661;632;691;1;29;1;25;1;33;1;20;1;17;1;22
23.07.2020;676;643;712;701;669;733;1;40;1;36;1;45;1;19;1;17;1;21
24.07.2020;691;658;721;700;669;733;1;26;1;22;1;30;1;17;1;15;1;19
25.07.2020;617;589;651;680;649;713;1;14;1;9;1;17;1;14;1;12;1;16
26.07.2020;607;577;638;648;616;680;0;98;0;94;1;1;1;12;1;10;1;14
27.07.2020;824;787;860;685;652;717;0;98;0;94;1;1;1;9;1;7;1;11
28.07.2020;765;732;804;703;671;738;1;0;0;97;1;4;1;6;1;5;1;8
29.07.2020;740;712;772;734;702;768;1;8;1;5;1;12;1;6;1;4;1;8
30.07.2020;763;730;798;773;740;808;1;19;1;15;1;24;1;5;1;3;1;7
31.07.2020;775;737;809;761;728;796;1;11;1;7;1;15;1;8;1;6;1;10
01.08.2020;823;785;865;775;741;811;1;10;1;7;1;14;1;13;1;11;1;15
02.08.2020;889;848;927;813;775;849;1;11;1;7;1;14;1;17;1;15;1;18
03.08.2020;1079;1040;1124;892;852;931;1;15;1;12;1;19;1;19;1;17;1;21
04.08.2020;993;955;1032;946;907;987;1;24;1;20;1;28;1;19;1;17;1;21
05.08.2020;988;948;1031;987;948;1028;1;27;1;24;1;31;1;17;1;16;1;20
06.08.2020;1004;961;1048;1016;976;1059;1;25;1;21;1;29;1;17;1;15;1;19
07.08.2020;1052;1006;1103;1009;967;1053;1;13;1;10;1;17;1;16;1;14;1;18
08.08.2020;1002;952;1051;1011;967;1058;1;7;1;4;1;11;1;13;1;12;1;15
09.08.2020;1041;994;1089;1025;978;1073;1;4;1;1;1;7;1;14;1;12;1;16
10.08.2020;1401;1350;1462;1124;1075;1176;1;11;1;7;1;14;1;14;1;12;1;16
11.08.2020;1310;1261;1362;1188;1139;1241;1;18;1;13;1;21;1;16;1;14;1;18
12.08.2020;1319;1272;1370;1268;1219;1321;1;25;1;21;1;29;1;18;1;17;1;20
13.08.2020;1355;1291;1409;1346;1293;1401;1;31;1;27;1;35;1;17;1;15;1;19
14.08.2020;1320;1264;1373;1326;1272;1378;1;18;1;13;1;21;1;15;1;13;1;16
15.08.2020;1201;1163;1262;1299;1247;1353;1;9;1;7;1;13;1;12;1;10;1;13
16.08.2020;1167;1125;1226;1261;1210;1317;0;99;0;97;1;3;1;7;1;6;1;9
17.08.2020;1415;1366;1466;1276;1229;1332;0;95;0;93;0;98;1;6;1;4;1;7
18.08.2020;1459;1404;1515;1310;1264;1367;0;99;0;96;1;2;1;3;1;1;1;4
19.08.2020;1294;1248;1342;1333;1286;1387;1;3;1;0;1;5;0;99;0;98;1;1
20.08.2020;1139;1092;1184;1327;1277;1377;1;5;1;3;1;8;0;97;0;96;0;99
21.08.2020;1156;1111;1205;1262;1213;1311;0;99;0;97;1;1;0;95;0;93;0;96
22.08.2020;1112;1071;1160;1175;1130;1223;0;90;0;87;0;92;0;95;0;93;0;96
23.08.2020;1159;1121;1203;1142;1099;1188;0;86;0;83;0;88;0;97;0;96;0;99
24.08.2020;1428;1387;1474;1214;1172;1260;0;92;0;89;0;94;0;98;0;96;0;99
25.08.2020;1331;1286;1383;1257;1216;1305;1;0;0;97;1;2;0;98;0;96;0;99
26.08.2020;1200;1159;1248;1279;1238;1327;1;9;1;7;1;12;0;98;0;97;1;0
27.08.2020;1216;1164;1275;1294;1249;1345;1;13;1;10;1;17;0;98;0;97;0;99
28.08.2020;1135;1089;1174;1220;1174;1270;1;1;0;98;1;3;0;98;0;96;0;99
29.08.2020;959;918;1002;1127;1082;1175;0;90;0;87;0;92;0;97;0;95;0;99
30.08.2020;1023;976;1071;1083;1037;1130;0;85;0;82;0;87;0;96;0;94;0;97
31.08.2020;1363;1314;1426;1120;1074;1168;0;87;0;85;0;89;0;98;0;96;0;99
01.09.2020;1484;1441;1532;1207;1162;1257;0;99;0;96;1;1;1;1;0;99;1;2
02.09.2020;1330;1282;1385;1300;1253;1353;1;15;1;12;1;19;1;3;1;2;1;4
03.09.2020;1256;1204;1306;1358;1310;1412;1;25;1;23;1;30;1;6;1;4;1;7
04.09.2020;1275;1224;1326;1336;1288;1387;1;19;1;16;1;22;1;6;1;5;1;8
05.09.2020;1155;1117;1192;1254;1207;1302;1;4;1;1;1;6;1;8;1;6;1;9
06.09.2020;1302;1261;1356;1247;1201;1295;0;96;0;94;0;98;1;10;1;8;1;11
07.09.2020;1591;1542;1644;1331;1286;1379;0;98;0;96;1;0;1;9;1;8;1;11
08.09.2020;1583;1541;1626;1408;1365;1454;1;5;1;3;1;8;1;10;1;8;1;11
09.09.2020;1599;1552;1655;1519;1474;1570;1;21;1;18;1;24;1;11;1;9;1;12
10.09.2020;1627;1577;1683;1600;1553;1652;1;28;1;25;1;32;1;12;1;10;1;13
11.09.2020;1642;1594;1701;1613;1566;1666;1;21;1;19;1;24;1;15;1;13;1;16
12.09.2020;1536;1497;1604;1601;1555;1660;1;14;1;11;1;16;1;14;1;13;1;16
13.09.2020;1576;1532;1629;1595;1550;1654;1;5;1;3;1;7;1;15;1;14;1;17
14.09.2020;2124;2070;2176;1720;1673;1777;1;7;1;5;1;10;1;15;1;14;1;16
15.09.2020;1966;1910;2017;1801;1752;1856;1;12;1;9;1;14;1;14;1;12;1;15
16.09.2020;1887;1844;1942;1888;1839;1941;1;18;1;16;1;20;1;12;1;10;1;13
17.09.2020;1721;1679;1773;1924;1876;1977;1;21;1;18;1;23;1;7;1;6;1;8
18.09.2020;1706;1659;1760;1820;1773;1873;1;6;1;4;1;8;1;3;1;2;1;5
19.09.2020;1499;1451;1545;1703;1658;1755;0;95;0;93;0;97;1;1;1;1;1;2
20.09.2020;1630;1578;1672;1639;1591;1687;0;87;0;85;0;88;1;1;1;0;1;2
21.09.2020;2191;2129;2235;1756;1704;1803;0;91;0;89;0;93;1;2;1;1;1;3
22.09.2020;2155;2103;2208;1869;1815;1915;1;3;1;0;1;5;1;4;1;3;1;5
23.09.2020;2080;2016;2136;2014;1956;2063;1;18;1;16;1;21;1;6;1;5;1;7
24.09.2020;2070;2009;2126;2124;2064;2176;1;30;1;27;1;32;1;9;1;8;1;10
25.09.2020;2159;2108;2221;2116;2059;2173;1;20;1;18;1;23;1;11;1;10;1;12
26.09.2020;1927;1875;1991;2059;2002;2118;1;10;1;8;1;12;1;12;1;11;1;13
27.09.2020;1904;1853;1955;2015;1961;2073;1;0;0;98;1;2;1;12;1;11;1;13
28.09.2020;2664;2592;2742;2164;2107;2227;1;2;1;0;1;4;1;13;1;12;1;14
29.09.2020;2767;2706;2841;2315;2256;2382;1;9;1;7;1;11;1;15;1;13;1;16
30.09.2020;2784;2709;2841;2530;2465;2594;1;23;1;21;1;25;1;19;1;17;1;20
01.10.2020;3008;2930;3086;2806;2734;2877;1;39;1;37;1;41;1;23;1;22;1;24
02.10.2020;3373;3298;3438;2983;2911;3051;1;38;1;36;1;40;1;28;1;26;1;29
03.10.2020;3357;3290;3440;3131;3057;3201;1;35;1;33;1;37;1;31;1;30;1;33
04.10.2020;3420;3353;3472;3290;3218;3359;1;30;1;28;1;32;1;36;1;35;1;37
05.10.2020;4758;4676;4846;3727;3654;3799;1;33;1;31;1;35;1;38;1;37;1;39
06.10.2020;4794;4703;4885;4082;4005;4161;1;37;1;35;1;39;1;39;1;38;1;40
07.10.2020;4912;4824;5002;4471;4389;4551;1;43;1;41;1;45;1;38;1;37;1;40
08.10.2020;4979;4887;5078;4861;4772;4953;1;48;1;46;1;50;1;35;1;34;1;36
09.10.2020;5379;5307;5465;5016;4930;5107;1;35;1;33;1;36;1;32;1;31;1;32
10.10.2020;5310;5211;5386;5145;5057;5232;1;26;1;24;1;28;1;29;1;28;1;30
11.10.2020;5499;5382;5573;5292;5197;5375;1;18;1;17;1;20;1;30;1;29;1;30
12.10.2020;7498;7392;7602;5922;5823;6006;1;22;1;20;1;23;1;31;1;30;1;32
13.10.2020;7855;7749;7961;6541;6433;6630;1;30;1;29;1;32;1;34;1;33;1;35
14.10.2020;8437;8290;8576;7322;7203;7428;1;42;1;41;1;44;1;37;1;35;1;37
15.10.2020;8692;8588;8817;8121;8005;8239;1;53;1;52;1;55;1;38;1;37;1;39
16.10.2020;9559;9404;9674;8636;8508;8757;1;46;1;44;1;47;1;37;1;36;1;38
17.10.2020;9358;9220;9488;9011;8876;9139;1;38;1;36;1;39;1;38;1;37;1;38
18.10.2020;10457;10334;10622;9516;9386;9650;1;30;1;29;1;31;1;40;1;39;1;41
19.10.2020;13826;13664;13978;10800;10655;10941;1;33;1;32;1;34;1;42;1;41;1;43
20.10.2020;14820;14634;14949;12115;11963;12259;1;40;1;39;1;42;1;44;1;44;1;45
21.10.2020;15394;15227;15570;13624;13464;13780;1;51;1;50;1;52;1;43;1;42;1;44
22.10.2020;15032;14858;15188;14768;14596;14921;1;55;1;54;1;56;1;39;1;38;1;40
23.10.2020;15853;15649;16039;15275;15092;15436;1;41;1;40;1;43;1;34;1;33;1;34
24.10.2020;15088;14916;15236;15342;15162;15508;1;27;1;26;1;28;1;29;1;28;1;29
25.10.2020;15654;15479;15845;15407;15225;15577;1;13;1;12;1;14;1;26;1;25;1;26
26.10.2020;19202;19047;19379;16449;16273;16625;1;11;1;11;1;12;1;21;1;20;1;21
27.10.2020;18417;18256;18617;17090;16924;17269;1;12;1;11;1;13;1;17;1;16;1;17
28.10.2020;18090;17890;18276;17841;17668;18029;1;16;1;15;1;17;1;13;1;12;1;13
29.10.2020;16811;16594;16992;18130;17947;18316;1;18;1;17;1;18;1;9;1;8;1;9
30.10.2020;17247;17093;17385;17641;17458;17817;1;7;1;6;1;8;1;6;1;5;1;6
31.10.2020;15614;15413;15776;16940;16747;17107;0;99;0;98;1;0;1;4;1;4;1;4
01.11.2020;16655;16494;16830;16582;16398;16745;0;93;0;92;0;94;1;4;1;3;1;4
02.11.2020;20970;20786;21166;17621;17446;17789;0;97;0;97;0;98;1;3;1;3;1;4
03.11.2020;19021;18843;19202;18065;17884;18243;1;2;1;2;1;3;1;3;1;2;1;3
04.11.2020;18020;17858;18172;18667;18495;18842;1;10;1;9;1;11;1;2;1;1;1;2
05.11.2020;16540;16366;16720;18638;18463;18815;1;12;1;12;1;13;0;99;0;99;1;0
06.11.2020;16122;15969;16314;17426;17259;17602;0;99;0;98;1;0;0;98;0;98;0;99
07.11.2020;15047;14903;15212;16433;16274;16604;0;91;0;90;0;92;0;97;0;97;0;98
08.11.2020;15141;14940;15312;15713;15544;15889;0;84;0;84;0;85;0;96;0;95;0;96
09.11.2020;19033;18853;19269;16336;16166;16527;0;88;0;87;0;88;0;96;0;96;0;97
10.11.2020;18429;18229;18604;16913;16731;17099;0;97;0;96;0;98;0;97;0;96;0;97
11.11.2020;17922;17720;18097;17631;17435;17821;1;7;1;6;1;8;0;99;0;98;0;99
12.11.2020;17646;17472;17845;18258;18068;18454;1;16;1;15;1;17;1;2;1;2;1;3
13.11.2020;18347;18179;18549;18086;17900;18274;1;11;1;10;1;12;1;4;1;3;1;4
14.11.2020;16312;16155;16498;17557;17381;17747;1;4;1;3;1;4;1;5;1;5;1;5
15.11.2020;16481;16303;16669;17197;17027;17390;0;98;0;97;0;98;1;5;1;5;1;6
16.11.2020;20447;20238;20625;17897;17718;18085;0;98;0;97;0;99;1;4;1;4;1;5
17.11.2020;19432;19242;19611;18168;17984;18351;1;0;1;0;1;1;1;4;1;3;1;4
18.11.2020;18594;18415;18760;18739;18549;18916;1;7;1;6;1;8;1;2;1;2;1;3
19.11.2020;17263;17081;17509;18934;18744;19126;1;10;1;9;1;11;1;0;0;99;1;0
20.11.2020;16787;16592;16969;18019;17832;18212;1;1;1;0;1;1;0;98;0;97;0;98
21.11.2020;14449;14286;14595;16773;16593;16958;0;92;0;92;0;93;0;95;0;95;0;96
22.11.2020;14506;14326;14704;15751;15571;15944;0;84;0;83;0;85;0;94;0;94;0;94
23.11.2020;18472;18290;18646;16054;15874;16228;0;85;0;84;0;85;0;94;0;93;0;94
24.11.2020;17430;17252;17624;16214;16038;16392;0;90;0;89;0;91;0;94;0;93;0;94
25.11.2020;16899;16706;17075;16827;16643;17012;1;0;0;99;1;1;0;94;0;94;0;95
26.11.2020;16024;15847;16225;17206;17023;17392;1;9;1;8;1;10;0;96;0;95;0;96
27.11.2020;16438;16247;16621;16698;16513;16886;1;4;1;3;1;5;0;98;0;98;0;98
28.11.2020;15512;15316;15671;16218;16029;16398;1;0;0;99;1;1;1;0;1;0;1;1
29.11.2020;15368;15168;15537;15835;15644;16013;0;94;0;93;0;95;1;3;1;3;1;4
30.11.2020;20754;20543;20978;17018;16818;17201;0;99;0;98;1;0;1;7;1;6;1;7
01.12.2020;20787;20594;21008;18105;17905;18298;1;8;1;8;1;9;1;9;1;8;1;9
02.12.2020;20681;20475;20874;19397;19195;19599;1;20;1;19;1;21;1;12;1;12;1;13
03.12.2020;20959;20740;21156;20795;20588;21004;1;31;1;30;1;32;1;15;1;14;1;15
04.12.2020;21649;21415;21839;21019;20806;21219;1;24;1;23;1;24;1;16;1;15;1;16
05.12.2020;20593;20403;20791;20970;20758;21165;1;16;1;15;1;17;1;17;1;16;1;17
06.12.2020;20945;20756;21157;21036;20828;21235;1;8;1;8;1;9;1;16;1;16;1;17
07.12.2020;26136;25932;26365;22331;22126;22538;1;7;1;7;1;8;1;16;1;15;1;16
08.12.2020;25993;25797;26221;23417;23222;23633;1;11;1;11;1;12;1;15;1;14;1;15
09.12.2020;25263;25046;25479;24584;24383;24805;1;17;1;16;1;18;1;13;1;12;1;13
10.12.2020;24637;24400;24858;25507;25294;25731;1;21;1;20;1;22;1;11;1;10;1;11
11.12.2020;24521;24264;24754;25103;24877;25328;1;12;1;12;1;13;1;9;1;8;1;9
12.12.2020;23106;22895;23319;24382;24151;24602;1;4;1;3;1;5;1;7;1;6;1;7
13.12.2020;22489;22073;22946;23688;23408;23969;0;96;0;96;0;97;1;5;1;5;1;6
14.12.2020;28081;27415;28832;24549;24162;24963;0;96;0;95;0;97;1;4;1;3;1;5
15.12.2020;26638;25937;27307;25079;24580;25601;1;0;0;99;1;1;1;3;1;2;1;3
16.12.2020;25736;25021;26384;25736;25112;26367;1;6;1;4;1;7;1;1;1;1;1;2
17.12.2020;23944;23347;24499;26100;25430;26755;1;10;1;9;1;12;1;0;0;99;1;0
18.12.2020;23258;22686;23928;24894;24248;25529;1;1;1;0;1;3;0;98;0;97;0;99
19.12.2020;20809;20128;21479;23437;22796;24072;0;93;0;92;0;95;0;96;0;96;0;97
20.12.2020;20396;19767;21168;22102;21482;22768;0;86;0;84;0;88;0;94;0;93;0;95
21.12.2020;23243;22402;24226;21926;21246;22700;0;84;0;83;0;86;0;91;0;90;0;92
22.12.2020;20806;19898;21667;21313;20549;22135;0;86;0;84;0;87;0;88;0;87;0;89
23.12.2020;18546;17757;19286;20748;19956;21587;0;89;0;86;0;90;0;85;0;84;0;86
24.12.2020;16564;15623;17376;19790;18920;20639;0;90;0;87;0;91;0;82;0;81;0;84
25.12.2020;14907;14184;15688;17706;16866;18504;0;81;0;79;0;83;0;83;0;81;0;84
26.12.2020;16253;15468;17114;16568;15758;17366;0;78;0;76;0;80;0;85;0;84;0;87
27.12.2020;18352;17090;19496;16519;15591;17418;0;80;0;77;0;82;0;89;0;87;0;91
28.12.2020;22453;20965;23936;17991;16927;19059;0;91;0;88;0;94;0;93;0;91;0;95
29.12.2020;18796;17312;20130;18963;17709;20169;1;7;1;3;1;11;0;95;0;92;0;97
30.12.2020;16503;14963;17790;19026;17583;20338;1;15;1;10;1;20;0;95;0;93;0;98
31.12.2020;15069;13431;16419;18205;16668;19569;1;10;1;5;1;15;0;96;0;93;0;99
01.01.2021;15285;13852;16908;16413;14890;17812;0;91;0;86;0;96;0;98;0;95;1;2
02.01.2021;17200;14945;19580;16014;14298;17674;0;84;0;80;0;91;1;1;0;97;1;5
03.01.2021;19476;16746;22107;16757;14744;18753;0;88;0;82;0;96;1;3;0;98;1;9
04.01.2021;24123;19727;28137;19021;16318;21683;1;5;0;95;1;14;1;6;0;99;1;12
05.01.2021;22105;17001;26403;20726;17105;24057;1;26;1;14;1;40;1;8;1;0;1;16
06.01.2021;19689;12753;24387;21348;16557;25259;1;33;1;17;1;51;1;9;1;0;1;17
07.01.2021;17821;12670;24705;20934;15538;25908;1;25;1;6;1;42;1;7;0;98;1;16
08.01.2021;15223;9086;21170;18710;12878;24166;0;99;0;83;1;15;.;.;.;;;
